-- phpMyAdmin SQL Dump
-- version 5.2.2
-- https://www.phpmyadmin.net/
--
-- Host: 127.0.0.1
-- Generation Time: Oct 28, 2025 at 10:02 AM
-- Server version: 8.0.43
-- PHP Version: 8.4.13

SET SQL_MODE = "NO_AUTO_VALUE_ON_ZERO";
START TRANSACTION;
SET time_zone = "+00:00";


/*!40101 SET @OLD_CHARACTER_SET_CLIENT=@@CHARACTER_SET_CLIENT */;
/*!40101 SET @OLD_CHARACTER_SET_RESULTS=@@CHARACTER_SET_RESULTS */;
/*!40101 SET @OLD_COLLATION_CONNECTION=@@COLLATION_CONNECTION */;
/*!40101 SET NAMES utf8mb4 */;

--
-- Database: `amping_mamans`
--

-- --------------------------------------------------------

--
-- Table structure for table `accounts`
--

CREATE TABLE `accounts` (
  `account_id` varchar(22) CHARACTER SET utf8mb4 COLLATE utf8mb4_general_ci NOT NULL,
  `data_id` varchar(19) CHARACTER SET utf8mb4 COLLATE utf8mb4_general_ci NOT NULL,
  `account_status` enum('Active','Deactivated') CHARACTER SET utf8mb4 COLLATE utf8mb4_general_ci NOT NULL,
  `registered_at` datetime NOT NULL,
  `last_deactivated_at` datetime DEFAULT NULL,
  `last_reactivated_at` datetime DEFAULT NULL
) ENGINE=InnoDB DEFAULT CHARSET=utf8mb4 COLLATE=utf8mb4_general_ci;

--
-- Dumping data for table `accounts`
--

INSERT INTO `accounts` (`account_id`, `data_id`, `account_status`, `registered_at`, `last_deactivated_at`, `last_reactivated_at`) VALUES
('ACCOUNT-2025-000000001', 'DATA-2025-000000001', 'Active', '2025-08-01 04:00:00', NULL, NULL),
('ACCOUNT-2025-000000002', 'DATA-2025-000000006', 'Active', '2025-08-01 04:00:00', NULL, NULL),
('ACCOUNT-2025-000000003', 'DATA-2025-000000007', 'Active', '2025-08-01 04:00:00', NULL, NULL),
('ACCOUNT-2025-000000004', 'DATA-2025-000000008', 'Active', '2025-08-01 04:00:00', NULL, NULL),
('ACCOUNT-2025-000000005', 'DATA-2025-000000009', 'Active', '2025-08-01 04:00:00', NULL, NULL),
('ACCOUNT-2025-000000006', 'DATA-2025-000000010', 'Active', '2025-08-01 04:00:00', NULL, NULL),
('ACCOUNT-2025-000000007', 'DATA-2025-000000011', 'Active', '2025-08-01 04:00:00', NULL, NULL),
('ACCOUNT-2025-000000008', 'DATA-2025-000000012', 'Active', '2025-08-01 04:00:00', NULL, NULL),
('ACCOUNT-2025-000000009', 'DATA-2025-000000013', 'Active', '2025-08-01 04:00:00', NULL, NULL),
('ACCOUNT-2025-000000010', 'DATA-2025-000000014', 'Active', '2025-08-01 04:00:00', NULL, NULL),
('ACCOUNT-2025-000000011', 'DATA-2025-000000015', 'Active', '2025-08-01 04:00:00', NULL, NULL),
('ACCOUNT-2025-000000012', 'DATA-2025-000000016', 'Active', '2025-08-01 04:00:00', NULL, NULL),
('ACCOUNT-2025-000000013', 'DATA-2025-000000017', 'Active', '2025-08-01 04:00:00', NULL, NULL),
('ACCOUNT-2025-000000014', 'DATA-2025-000000032', 'Active', '2025-08-01 04:00:00', NULL, NULL),
('ACCOUNT-2025-000000015', 'DATA-2025-000000033', 'Active', '2025-08-01 04:00:00', NULL, NULL),
('ACCOUNT-2025-000000016', 'DATA-2025-000000032', 'Active', '2025-10-06 03:02:04', NULL, NULL),
('ACCOUNT-2025-000000017', 'DATA-2025-000000037', 'Active', '2025-10-18 15:55:24', NULL, NULL);

-- --------------------------------------------------------

--
-- Table structure for table `affiliate_partners`
--

CREATE TABLE `affiliate_partners` (
  `affiliate_partner_id` varchar(17) CHARACTER SET utf8mb4 COLLATE utf8mb4_general_ci NOT NULL,
  `account_id` varchar(22) CHARACTER SET utf8mb4 COLLATE utf8mb4_general_ci NOT NULL,
  `affiliate_partner_name` varchar(60) CHARACTER SET utf8mb4 COLLATE utf8mb4_general_ci NOT NULL,
  `affiliate_partner_type` enum('N / A','Hospital / Clinic','Pharmacy / Drugstore','Other') CHARACTER SET utf8mb4 COLLATE utf8mb4_general_ci NOT NULL
) ENGINE=InnoDB DEFAULT CHARSET=utf8mb4 COLLATE=utf8mb4_general_ci;

--
-- Dumping data for table `affiliate_partners`
--

INSERT INTO `affiliate_partners` (`affiliate_partner_id`, `account_id`, `affiliate_partner_name`, `affiliate_partner_type`) VALUES
('AP-2025-000000001', 'ACCOUNT-2025-000000006', 'St. Elizabeth Hospital, Inc.', 'Hospital / Clinic'),
('AP-2025-000000002', 'ACCOUNT-2025-000000007', 'Rojon Pharmacy', 'Pharmacy / Drugstore'),
('AP-2025-000000003', 'ACCOUNT-2025-000000008', 'Auguis Clinic and Hospital', 'Hospital / Clinic'),
('AP-2025-000000004', 'ACCOUNT-2025-000000009', 'Mercury Drug Corporation', 'Pharmacy / Drugstore');

-- --------------------------------------------------------

--
-- Table structure for table `applicants`
--

CREATE TABLE `applicants` (
  `applicant_id` varchar(24) CHARACTER SET utf8mb4 COLLATE utf8mb4_general_ci NOT NULL,
  `client_id` varchar(21) CHARACTER SET utf8mb4 COLLATE utf8mb4_general_ci NOT NULL,
  `province` enum('South Cotabato','Other') CHARACTER SET utf8mb4 COLLATE utf8mb4_general_ci DEFAULT NULL,
  `city` enum('General Santos','N / A','Other') CHARACTER SET utf8mb4 COLLATE utf8mb4_general_ci DEFAULT NULL,
  `municipality` enum('N / A','Other') CHARACTER SET utf8mb4 COLLATE utf8mb4_general_ci DEFAULT NULL,
  `barangay` enum('Apopong','Baluan','Batomelong','Buayan','Bula','Calumpang','City Heights','Conel','Dadiangas East','Dadiangas North','Dadiangas South','Dadiangas West','Fatima','Katangawan','Labangal','Lagao','Ligaya','Mabuhay','Olympog','San Isidro','San Jose','Siguel','Sinawal','Tambler','Tinagacan','Upper Labay','Other') CHARACTER SET utf8mb4 COLLATE utf8mb4_general_ci DEFAULT NULL,
  `subdivision` varchar(20) CHARACTER SET utf8mb4 COLLATE utf8mb4_general_ci DEFAULT NULL,
  `purok` varchar(20) CHARACTER SET utf8mb4 COLLATE utf8mb4_general_ci DEFAULT NULL,
  `sitio` varchar(20) CHARACTER SET utf8mb4 COLLATE utf8mb4_general_ci DEFAULT NULL,
  `street` varchar(20) CHARACTER SET utf8mb4 COLLATE utf8mb4_general_ci NOT NULL,
  `phase` varchar(10) CHARACTER SET utf8mb4 COLLATE utf8mb4_general_ci DEFAULT NULL,
  `block_number` varchar(10) CHARACTER SET utf8mb4 COLLATE utf8mb4_general_ci DEFAULT NULL,
  `house_number` varchar(10) CHARACTER SET utf8mb4 COLLATE utf8mb4_general_ci DEFAULT NULL,
  `job_status` enum('Retired','Permanent','Contractual','Casual') CHARACTER SET utf8mb4 COLLATE utf8mb4_general_ci DEFAULT NULL,
  `house_occup_status` enum('Owner','Renter','House Sharer') CHARACTER SET utf8mb4 COLLATE utf8mb4_general_ci NOT NULL,
  `lot_occup_status` enum('Owner','Renter','Lot Sharer','Informal Settler') CHARACTER SET utf8mb4 COLLATE utf8mb4_general_ci NOT NULL,
  `phic_affiliation` enum('Affiliated','Unaffiliated') CHARACTER SET utf8mb4 COLLATE utf8mb4_general_ci NOT NULL,
  `phic_category` enum('Self-Employed','Sponsored / Indigent','Employed') CHARACTER SET utf8mb4 COLLATE utf8mb4_general_ci DEFAULT NULL,
  `is_also_patient` enum('Yes','No') CHARACTER SET utf8mb4 COLLATE utf8mb4_general_ci NOT NULL,
  `patient_number` int(2) UNSIGNED ZEROFILL NOT NULL
) ENGINE=InnoDB DEFAULT CHARSET=utf8mb4 COLLATE=utf8mb4_general_ci;

--
-- Dumping data for table `applicants`
--

INSERT INTO `applicants` (`applicant_id`, `client_id`, `province`, `city`, `municipality`, `barangay`, `subdivision`, `purok`, `sitio`, `street`, `phase`, `block_number`, `house_number`, `job_status`, `house_occup_status`, `lot_occup_status`, `phic_affiliation`, `phic_category`, `is_also_patient`, `patient_number`) VALUES
('APPLICANT-2025-000000001', 'CLIENT-2025-000000001', 'South Cotabato', 'General Santos', 'N / A', 'Labangal', 'Doña Soledad', NULL, NULL, '', NULL, NULL, NULL, 'Casual', 'Renter', 'Renter', 'Affiliated', 'Employed', 'Yes', 02),
('APPLICANT-2025-000000002', 'CLIENT-2025-000000003', 'South Cotabato', 'General Santos', 'N / A', NULL, NULL, NULL, NULL, '', NULL, NULL, NULL, NULL, 'Owner', 'Owner', 'Affiliated', 'Sponsored / Indigent', 'Yes', 03);

-- --------------------------------------------------------

--
-- Table structure for table `applications`
--

CREATE TABLE `applications` (
  `application_id` varchar(26) CHARACTER SET utf8mb4 COLLATE utf8mb4_general_ci NOT NULL,
  `applicant_id` varchar(24) CHARACTER SET utf8mb4 COLLATE utf8mb4_general_ci NOT NULL,
  `patient_id` varchar(22) CHARACTER SET utf8mb4 COLLATE utf8mb4_general_ci NOT NULL,
  `affiliate_partner_id` varchar(17) CHARACTER SET utf8mb4 COLLATE utf8mb4_general_ci NOT NULL,
  `exp_range_id` varchar(26) CHARACTER SET utf8mb4 COLLATE utf8mb4_general_ci NOT NULL,
  `message_id` varchar(22) CHARACTER SET utf8mb4 COLLATE utf8mb4_general_ci DEFAULT NULL,
  `billed_amount` int(7) UNSIGNED ZEROFILL NOT NULL,
  `assistance_amount` int(7) UNSIGNED ZEROFILL NOT NULL,
  `applied_at` date NOT NULL,
  `reapply_at` date NOT NULL
) ENGINE=InnoDB DEFAULT CHARSET=utf8mb4 COLLATE=utf8mb4_general_ci;

-- --------------------------------------------------------

--
-- Table structure for table `budget_updates`
--

CREATE TABLE `budget_updates` (
  `budget_update_id` varchar(22) CHARACTER SET utf8mb4 COLLATE utf8mb4_general_ci NOT NULL,
  `data_id` varchar(19) CHARACTER SET utf8mb4 COLLATE utf8mb4_general_ci NOT NULL,
  `sponsor_id` varchar(22) CHARACTER SET utf8mb4 COLLATE utf8mb4_general_ci DEFAULT NULL,
  `possessor` enum('AMPING','Sponsor') CHARACTER SET utf8mb4 COLLATE utf8mb4_general_ci NOT NULL,
  `amount_accum` int(16) UNSIGNED ZEROFILL NOT NULL,
  `amount_recent` int(10) UNSIGNED ZEROFILL NOT NULL,
  `amount_before` int(10) UNSIGNED ZEROFILL NOT NULL,
  `amount_change` int(10) UNSIGNED ZEROFILL NOT NULL,
  `amount_spent` int(10) UNSIGNED ZEROFILL NOT NULL,
  `direction` enum('Increase','Decrease') CHARACTER SET utf8mb4 COLLATE utf8mb4_general_ci NOT NULL,
  `reason` enum('Yearly Budget Provision','Supplementary Budget','GL Release','Sponsor Donation','Budget Manipulation') CHARACTER SET utf8mb4 COLLATE utf8mb4_general_ci DEFAULT NULL
) ENGINE=InnoDB DEFAULT CHARSET=utf8mb4 COLLATE=utf8mb4_general_ci;

--
-- Dumping data for table `budget_updates`
--

INSERT INTO `budget_updates` (`budget_update_id`, `data_id`, `sponsor_id`, `possessor`, `amount_accum`, `amount_recent`, `amount_before`, `amount_change`, `amount_spent`, `direction`, `reason`) VALUES
('BDG-UPD-2025-000000001', 'DATA-2025-000000026', NULL, 'AMPING', 0000000500000000, 0500000000, 0000000000, 0500000000, 0000000000, 'Increase', 'Yearly Budget Provision'),
('BDG-UPD-2025-000000002', 'DATA-2025-000000027', 'SPONSOR-2025-000000001', 'Sponsor', 0000000600000000, 0600000000, 0500000000, 0100000000, 0000000000, 'Increase', 'Sponsor Donation'),
('BDG-UPD-2025-000000003', 'DATA-2025-000000028', 'SPONSOR-2025-000000002', 'Sponsor', 0000000700000000, 0700000000, 0600000000, 0100000000, 0000000000, 'Increase', 'Sponsor Donation'),
('BDG-UPD-2025-000000004', 'DATA-2025-000000029', 'SPONSOR-2025-000000003', 'Sponsor', 0000000800000000, 0800000000, 0700000000, 0100000000, 0000000000, 'Increase', 'Sponsor Donation'),
('BDG-UPD-2025-000000005', 'DATA-2025-000000030', 'SPONSOR-2025-000000003', 'Sponsor', 0000000900000000, 0900000000, 0800000000, 0100000000, 0000000000, 'Increase', 'Sponsor Donation'),
('BDG-UPD-2025-000000006', 'DATA-2025-000000031', 'SPONSOR-2025-000000004', 'Sponsor', 0000001000000000, 1000000000, 0900000000, 0100000000, 0000000000, 'Increase', 'Sponsor Donation');

-- --------------------------------------------------------

--
-- Table structure for table `cache`
--

CREATE TABLE `cache` (
  `key` varchar(255) CHARACTER SET utf8mb4 COLLATE utf8mb4_general_ci NOT NULL,
  `value` mediumtext CHARACTER SET utf8mb4 COLLATE utf8mb4_general_ci NOT NULL,
  `expiration` int NOT NULL
) ENGINE=InnoDB DEFAULT CHARSET=utf8mb4 COLLATE=utf8mb4_general_ci;

-- --------------------------------------------------------

--
-- Table structure for table `cache_locks`
--

CREATE TABLE `cache_locks` (
  `key` varchar(255) CHARACTER SET utf8mb4 COLLATE utf8mb4_general_ci NOT NULL,
  `owner` varchar(255) CHARACTER SET utf8mb4 COLLATE utf8mb4_general_ci NOT NULL,
  `expiration` int NOT NULL
) ENGINE=InnoDB DEFAULT CHARSET=utf8mb4 COLLATE=utf8mb4_general_ci;

-- --------------------------------------------------------

--
-- Table structure for table `clients`
--

CREATE TABLE `clients` (
  `client_id` varchar(21) CHARACTER SET utf8mb4 COLLATE utf8mb4_general_ci NOT NULL,
  `member_id` varchar(21) CHARACTER SET utf8mb4 COLLATE utf8mb4_general_ci NOT NULL,
  `occupation_id` varchar(20) CHARACTER SET utf8mb4 COLLATE utf8mb4_general_ci DEFAULT NULL,
  `birthdate` date DEFAULT NULL,
  `age` int(3) UNSIGNED ZEROFILL NOT NULL,
  `sex` enum('Male','Female') CHARACTER SET utf8mb4 COLLATE utf8mb4_general_ci DEFAULT NULL,
  `civil_status` enum('Single','Married','Separated','Widowed') CHARACTER SET utf8mb4 COLLATE utf8mb4_general_ci DEFAULT NULL,
  `monthly_income` int(7) UNSIGNED ZEROFILL DEFAULT NULL
) ENGINE=InnoDB DEFAULT CHARSET=utf8mb4 COLLATE=utf8mb4_general_ci;

--
-- Dumping data for table `clients`
--

INSERT INTO `clients` (`client_id`, `member_id`, `occupation_id`, `birthdate`, `age`, `sex`, `civil_status`, `monthly_income`) VALUES
('CLIENT-2025-000000001', 'MEMBER-2025-000000008', 'OCCUP-2025-000000011', '2003-04-02', 022, 'Male', 'Single', 0010000),
('CLIENT-2025-000000003', 'MEMBER-2025-000000010', 'OCCUP-2025-000000013', '2003-04-02', 022, 'Male', 'Single', 0010000),
('CLIENT-2025-000000004', 'MEMBER-2025-000000011', NULL, NULL, 100, 'Male', NULL, NULL),
('CLIENT-2025-000000005', 'MEMBER-2025-000000012', NULL, NULL, 040, 'Male', NULL, NULL),
('CLIENT-2025-000000006', 'MEMBER-2025-000000013', NULL, NULL, 022, 'Female', NULL, NULL);

-- --------------------------------------------------------

--
-- Table structure for table `contacts`
--

CREATE TABLE `contacts` (
  `contact_id` varchar(22) CHARACTER SET utf8mb4 COLLATE utf8mb4_general_ci NOT NULL,
  `client_id` varchar(21) CHARACTER SET utf8mb4 COLLATE utf8mb4_general_ci NOT NULL,
  `contact_type` enum('Application','Emergency') CHARACTER SET utf8mb4 COLLATE utf8mb4_general_ci NOT NULL,
  `phone_number` varchar(17) CHARACTER SET utf8mb4 COLLATE utf8mb4_general_ci NOT NULL
) ENGINE=InnoDB DEFAULT CHARSET=utf8mb4 COLLATE=utf8mb4_general_ci;

--
-- Dumping data for table `contacts`
--

INSERT INTO `contacts` (`contact_id`, `client_id`, `contact_type`, `phone_number`) VALUES
('CONTACT-2025-000000001', 'CLIENT-2025-000000001', 'Application', '0993-959-7683'),
('CONTACT-2025-000000002', 'CLIENT-2025-000000003', 'Application', '0907-632-3656');

-- --------------------------------------------------------

--
-- Table structure for table `data`
--

CREATE TABLE `data` (
  `data_id` varchar(19) CHARACTER SET utf8mb4 COLLATE utf8mb4_general_ci NOT NULL,
  `data_status` enum('Archived','Unarchived','Recently Used') CHARACTER SET utf8mb4 COLLATE utf8mb4_general_ci NOT NULL,
  `created_at` datetime NOT NULL,
  `updated_at` datetime NOT NULL,
  `archived_at` datetime DEFAULT NULL
) ENGINE=InnoDB DEFAULT CHARSET=utf8mb4 COLLATE=utf8mb4_general_ci;

--
-- Dumping data for table `data`
--

INSERT INTO `data` (`data_id`, `data_status`, `created_at`, `updated_at`, `archived_at`) VALUES
('DATA-2025-000000001', 'Unarchived', '2025-08-01 04:00:00', '2025-08-01 04:00:00', NULL),
('DATA-2025-000000003', 'Unarchived', '2025-08-01 04:00:00', '2025-08-01 04:00:00', NULL),
('DATA-2025-000000004', 'Unarchived', '2025-08-01 04:00:00', '2025-08-01 04:00:00', NULL),
('DATA-2025-000000005', 'Unarchived', '2025-08-01 04:00:00', '2025-08-01 04:00:00', NULL),
('DATA-2025-000000006', 'Unarchived', '2025-08-01 04:00:00', '2025-08-01 04:00:00', NULL),
('DATA-2025-000000007', 'Unarchived', '2025-08-01 04:00:00', '2025-08-01 04:00:00', NULL),
('DATA-2025-000000008', 'Unarchived', '2025-08-01 04:00:00', '2025-08-01 04:00:00', NULL),
('DATA-2025-000000009', 'Unarchived', '2025-08-01 04:00:00', '2025-08-01 04:00:00', NULL),
('DATA-2025-000000010', 'Unarchived', '2025-08-01 04:00:00', '2025-08-01 04:00:00', NULL),
('DATA-2025-000000011', 'Unarchived', '2025-08-01 04:00:00', '2025-08-01 04:00:00', NULL),
('DATA-2025-000000012', 'Unarchived', '2025-08-01 04:00:00', '2025-08-01 04:00:00', NULL),
('DATA-2025-000000013', 'Unarchived', '2025-08-01 04:00:00', '2025-08-01 04:00:00', NULL),
('DATA-2025-000000014', 'Unarchived', '2025-08-01 04:00:00', '2025-08-01 04:00:00', NULL),
('DATA-2025-000000015', 'Unarchived', '2025-08-01 04:00:00', '2025-08-01 04:00:00', NULL),
('DATA-2025-000000016', 'Unarchived', '2025-08-01 04:00:00', '2025-08-01 04:00:00', NULL),
('DATA-2025-000000017', 'Unarchived', '2025-08-01 04:00:00', '2025-08-01 04:00:00', NULL),
('DATA-2025-000000018', 'Unarchived', '2025-08-01 04:00:00', '2025-08-01 04:00:00', NULL),
('DATA-2025-000000019', 'Unarchived', '2025-08-01 04:00:00', '2025-08-01 04:00:00', NULL),
('DATA-2025-000000020', 'Unarchived', '2025-08-01 04:00:00', '2025-08-01 04:00:00', NULL),
('DATA-2025-000000021', 'Unarchived', '2025-08-01 04:00:00', '2025-08-01 04:00:00', NULL),
('DATA-2025-000000022', 'Unarchived', '2025-08-01 04:00:00', '2025-08-01 04:00:00', NULL),
('DATA-2025-000000023', 'Unarchived', '2025-08-01 04:00:00', '2025-08-01 04:00:00', NULL),
('DATA-2025-000000024', 'Unarchived', '2025-08-01 04:00:00', '2025-08-01 04:00:00', NULL),
('DATA-2025-000000025', 'Unarchived', '2025-08-01 04:00:00', '2025-08-01 04:00:00', NULL),
('DATA-2025-000000026', 'Unarchived', '2025-08-01 04:00:00', '2025-08-01 04:00:00', NULL),
('DATA-2025-000000027', 'Unarchived', '2025-08-01 04:00:00', '2025-08-01 04:00:00', NULL),
('DATA-2025-000000028', 'Unarchived', '2025-08-01 04:00:00', '2025-08-01 04:00:00', NULL),
('DATA-2025-000000029', 'Unarchived', '2025-08-01 04:00:00', '2025-08-01 04:00:00', NULL),
('DATA-2025-000000030', 'Unarchived', '2025-08-01 04:00:00', '2025-08-01 04:00:00', NULL),
('DATA-2025-000000031', 'Unarchived', '2025-08-01 04:00:00', '2025-08-01 04:00:00', NULL),
('DATA-2025-000000032', 'Unarchived', '2025-10-06 03:02:04', '2025-10-06 03:02:04', NULL),
('DATA-2025-000000033', 'Unarchived', '2025-10-09 19:59:15', '2025-10-28 08:10:52', NULL),
('DATA-2025-000000034', 'Unarchived', '2025-10-17 15:38:38', '2025-10-17 15:38:38', NULL),
('DATA-2025-000000035', 'Unarchived', '2025-10-17 15:43:08', '2025-10-17 15:43:08', NULL),
('DATA-2025-000000036', 'Unarchived', '2025-10-17 15:45:54', '2025-10-17 15:45:54', NULL),
('DATA-2025-000000037', 'Unarchived', '2025-10-18 15:55:24', '2025-10-18 15:55:24', NULL),
('DATA-2025-000000041', 'Unarchived', '2025-10-28 11:40:00', '2025-10-28 11:40:00', NULL),
('DATA-2025-000000042', 'Unarchived', '2025-10-28 11:45:18', '2025-10-28 11:45:18', NULL),
('DATA-2025-000000043', 'Archived', '2025-10-28 14:30:00', '2025-10-28 14:30:00', NULL);

-- --------------------------------------------------------

--
-- Table structure for table `expense_ranges`
--

CREATE TABLE `expense_ranges` (
  `exp_range_id` varchar(24) CHARACTER SET utf8mb4 COLLATE utf8mb4_general_ci NOT NULL,
  `tariff_list_id` varchar(255) CHARACTER SET utf8mb4 COLLATE utf8mb4_general_ci NOT NULL,
  `service_id` varchar(22) CHARACTER SET utf8mb4 COLLATE utf8mb4_general_ci NOT NULL,
  `exp_range_min` int(7) UNSIGNED ZEROFILL DEFAULT NULL,
  `exp_range_max` int(7) UNSIGNED ZEROFILL DEFAULT NULL,
  `coverage_percent` int(3) UNSIGNED ZEROFILL DEFAULT NULL
) ENGINE=InnoDB DEFAULT CHARSET=utf8mb4 COLLATE=utf8mb4_general_ci;

--
-- Dumping data for table `expense_ranges`
--

INSERT INTO `expense_ranges` (`exp_range_id`, `tariff_list_id`, `service_id`, `exp_range_min`, `exp_range_max`, `coverage_percent`) VALUES
('EXP-RANGE-2025-000000001', 'TL-2025-AUG-1', 'SERVICE-2025-000000001', 0000001, 0000100, 010),
('EXP-RANGE-2025-000000002', 'TL-2025-AUG-1', 'SERVICE-2025-000000001', 0000101, 0000200, 010),
('EXP-RANGE-2025-000000003', 'TL-2025-AUG-1', 'SERVICE-2025-000000001', 0000201, 0000300, 010),
('EXP-RANGE-2025-000000004', 'TL-2025-AUG-1', 'SERVICE-2025-000000001', 0000301, 0000400, 020),
('EXP-RANGE-2025-000000005', 'TL-2025-AUG-1', 'SERVICE-2025-000000001', 0000401, 0000500, 020),
('EXP-RANGE-2025-000000006', 'TL-2025-AUG-1', 'SERVICE-2025-000000001', 0000501, 0000600, 020),
('EXP-RANGE-2025-000000007', 'TL-2025-AUG-1', 'SERVICE-2025-000000001', 0000601, 0000700, 030),
('EXP-RANGE-2025-000000008', 'TL-2025-AUG-1', 'SERVICE-2025-000000001', 0000701, 0000800, 030),
('EXP-RANGE-2025-000000009', 'TL-2025-AUG-1', 'SERVICE-2025-000000001', 0000801, 0000900, 030),
('EXP-RANGE-2025-000000010', 'TL-2025-AUG-1', 'SERVICE-2025-000000001', 0000901, 0001000, 040),
('EXP-RANGE-2025-000000011', 'TL-2025-AUG-1', 'SERVICE-2025-000000001', 0001001, 0002000, 040),
('EXP-RANGE-2025-000000012', 'TL-2025-AUG-1', 'SERVICE-2025-000000001', 0002001, 0003000, 040),
('EXP-RANGE-2025-000000013', 'TL-2025-AUG-1', 'SERVICE-2025-000000001', 0003001, 0004000, 040),
('EXP-RANGE-2025-000000014', 'TL-2025-AUG-1', 'SERVICE-2025-000000001', 0004001, 0005000, 050),
('EXP-RANGE-2025-000000015', 'TL-2025-AUG-1', 'SERVICE-2025-000000001', 0005001, 0006000, 050),
('EXP-RANGE-2025-000000016', 'TL-2025-AUG-1', 'SERVICE-2025-000000001', 0006001, 0007000, 050),
('EXP-RANGE-2025-000000017', 'TL-2025-AUG-1', 'SERVICE-2025-000000001', 0007001, 0008000, 050),
('EXP-RANGE-2025-000000018', 'TL-2025-AUG-1', 'SERVICE-2025-000000001', 0008001, 0009000, 060),
('EXP-RANGE-2025-000000019', 'TL-2025-AUG-1', 'SERVICE-2025-000000001', 0009001, 0010000, 060),
('EXP-RANGE-2025-000000020', 'TL-2025-AUG-1', 'SERVICE-2025-000000001', 0010001, 0020000, 060),
('EXP-RANGE-2025-000000021', 'TL-2025-AUG-1', 'SERVICE-2025-000000001', 0020001, 0030000, 060),
('EXP-RANGE-2025-000000022', 'TL-2025-AUG-1', 'SERVICE-2025-000000001', 0030001, 0040000, 070),
('EXP-RANGE-2025-000000023', 'TL-2025-AUG-1', 'SERVICE-2025-000000001', 0040001, 0050000, 070),
('EXP-RANGE-2025-000000024', 'TL-2025-AUG-1', 'SERVICE-2025-000000001', 0050001, 0060000, 070),
('EXP-RANGE-2025-000000025', 'TL-2025-AUG-1', 'SERVICE-2025-000000001', 0060001, 0070000, 070),
('EXP-RANGE-2025-000000026', 'TL-2025-AUG-1', 'SERVICE-2025-000000001', 0070001, 0080000, 080),
('EXP-RANGE-2025-000000027', 'TL-2025-AUG-1', 'SERVICE-2025-000000001', 0080001, 0090000, 080),
('EXP-RANGE-2025-000000028', 'TL-2025-AUG-1', 'SERVICE-2025-000000001', 0090001, 0100000, 080),
('EXP-RANGE-2025-000000029', 'TL-2025-AUG-1', 'SERVICE-2025-000000001', 0100001, 0200000, 080),
('EXP-RANGE-2025-000000030', 'TL-2025-AUG-1', 'SERVICE-2025-000000001', 0200001, 0300000, 090),
('EXP-RANGE-2025-000000031', 'TL-2025-AUG-1', 'SERVICE-2025-000000001', 0300001, 0400000, 090),
('EXP-RANGE-2025-000000032', 'TL-2025-AUG-1', 'SERVICE-2025-000000001', 0400001, 0500000, 090),
('EXP-RANGE-2025-000000033', 'TL-2025-AUG-1', 'SERVICE-2025-000000001', 0500001, 0600000, 090),
('EXP-RANGE-2025-000000034', 'TL-2025-AUG-1', 'SERVICE-2025-000000001', 0600001, 0700000, 100),
('EXP-RANGE-2025-000000035', 'TL-2025-AUG-1', 'SERVICE-2025-000000001', 0700001, 0800000, 100),
('EXP-RANGE-2025-000000036', 'TL-2025-AUG-1', 'SERVICE-2025-000000001', 0800001, 0900000, 100),
('EXP-RANGE-2025-000000037', 'TL-2025-AUG-1', 'SERVICE-2025-000000001', 0900001, 1000000, 100),
('EXP-RANGE-2025-000000038', 'TL-2025-AUG-1', 'SERVICE-2025-000000002', 0000001, 0000100, 010),
('EXP-RANGE-2025-000000039', 'TL-2025-AUG-1', 'SERVICE-2025-000000002', 0000101, 0000200, 010),
('EXP-RANGE-2025-000000040', 'TL-2025-AUG-1', 'SERVICE-2025-000000002', 0000201, 0000300, 010),
('EXP-RANGE-2025-000000041', 'TL-2025-AUG-1', 'SERVICE-2025-000000002', 0000301, 0000400, 020),
('EXP-RANGE-2025-000000042', 'TL-2025-AUG-1', 'SERVICE-2025-000000002', 0000401, 0000500, 020),
('EXP-RANGE-2025-000000043', 'TL-2025-AUG-1', 'SERVICE-2025-000000002', 0000501, 0000600, 020),
('EXP-RANGE-2025-000000044', 'TL-2025-AUG-1', 'SERVICE-2025-000000002', 0000601, 0000700, 030),
('EXP-RANGE-2025-000000045', 'TL-2025-AUG-1', 'SERVICE-2025-000000002', 0000701, 0000800, 030),
('EXP-RANGE-2025-000000046', 'TL-2025-AUG-1', 'SERVICE-2025-000000002', 0000801, 0000900, 030),
('EXP-RANGE-2025-000000047', 'TL-2025-AUG-1', 'SERVICE-2025-000000002', 0000901, 0001000, 040),
('EXP-RANGE-2025-000000048', 'TL-2025-AUG-1', 'SERVICE-2025-000000002', 0001001, 0002000, 040),
('EXP-RANGE-2025-000000049', 'TL-2025-AUG-1', 'SERVICE-2025-000000002', 0002001, 0003000, 040),
('EXP-RANGE-2025-000000050', 'TL-2025-AUG-1', 'SERVICE-2025-000000002', 0003001, 0004000, 040),
('EXP-RANGE-2025-000000051', 'TL-2025-AUG-1', 'SERVICE-2025-000000002', 0004001, 0005000, 050),
('EXP-RANGE-2025-000000052', 'TL-2025-AUG-1', 'SERVICE-2025-000000002', 0005001, 0006000, 050),
('EXP-RANGE-2025-000000053', 'TL-2025-AUG-1', 'SERVICE-2025-000000002', 0006001, 0007000, 050),
('EXP-RANGE-2025-000000054', 'TL-2025-AUG-1', 'SERVICE-2025-000000002', 0007001, 0008000, 050),
('EXP-RANGE-2025-000000055', 'TL-2025-AUG-1', 'SERVICE-2025-000000002', 0008001, 0009000, 060),
('EXP-RANGE-2025-000000056', 'TL-2025-AUG-1', 'SERVICE-2025-000000002', 0009001, 0010000, 060),
('EXP-RANGE-2025-000000057', 'TL-2025-AUG-1', 'SERVICE-2025-000000002', 0010001, 0020000, 060),
('EXP-RANGE-2025-000000058', 'TL-2025-AUG-1', 'SERVICE-2025-000000002', 0020001, 0030000, 060),
('EXP-RANGE-2025-000000059', 'TL-2025-AUG-1', 'SERVICE-2025-000000002', 0030001, 0040000, 070),
('EXP-RANGE-2025-000000060', 'TL-2025-AUG-1', 'SERVICE-2025-000000002', 0040001, 0050000, 070),
('EXP-RANGE-2025-000000061', 'TL-2025-AUG-1', 'SERVICE-2025-000000002', 0050001, 0060000, 070),
('EXP-RANGE-2025-000000062', 'TL-2025-AUG-1', 'SERVICE-2025-000000002', 0060001, 0070000, 070),
('EXP-RANGE-2025-000000063', 'TL-2025-AUG-1', 'SERVICE-2025-000000002', 0070001, 0080000, 080),
('EXP-RANGE-2025-000000064', 'TL-2025-AUG-1', 'SERVICE-2025-000000002', 0080001, 0090000, 080),
('EXP-RANGE-2025-000000065', 'TL-2025-AUG-1', 'SERVICE-2025-000000002', 0090001, 0100000, 080),
('EXP-RANGE-2025-000000066', 'TL-2025-AUG-1', 'SERVICE-2025-000000002', 0100001, 0200000, 080),
('EXP-RANGE-2025-000000067', 'TL-2025-AUG-1', 'SERVICE-2025-000000002', 0200001, 0300000, 090),
('EXP-RANGE-2025-000000068', 'TL-2025-AUG-1', 'SERVICE-2025-000000002', 0300001, 0400000, 090),
('EXP-RANGE-2025-000000069', 'TL-2025-AUG-1', 'SERVICE-2025-000000002', 0400001, 0500000, 090),
('EXP-RANGE-2025-000000070', 'TL-2025-AUG-1', 'SERVICE-2025-000000002', 0500001, 0600000, 090),
('EXP-RANGE-2025-000000071', 'TL-2025-AUG-1', 'SERVICE-2025-000000002', 0600001, 0700000, 100),
('EXP-RANGE-2025-000000072', 'TL-2025-AUG-1', 'SERVICE-2025-000000002', 0700001, 0800000, 100),
('EXP-RANGE-2025-000000073', 'TL-2025-AUG-1', 'SERVICE-2025-000000002', 0800001, 0900000, 100),
('EXP-RANGE-2025-000000074', 'TL-2025-AUG-1', 'SERVICE-2025-000000002', 0900001, 1000000, 100),
('EXP-RANGE-2025-000000075', 'TL-2025-AUG-1', 'SERVICE-2025-000000003', 0000001, 0000100, 010),
('EXP-RANGE-2025-000000076', 'TL-2025-AUG-1', 'SERVICE-2025-000000003', 0000101, 0000200, 010),
('EXP-RANGE-2025-000000077', 'TL-2025-AUG-1', 'SERVICE-2025-000000003', 0000201, 0000300, 010),
('EXP-RANGE-2025-000000078', 'TL-2025-AUG-1', 'SERVICE-2025-000000003', 0000301, 0000400, 020),
('EXP-RANGE-2025-000000079', 'TL-2025-AUG-1', 'SERVICE-2025-000000003', 0000401, 0000500, 020),
('EXP-RANGE-2025-000000080', 'TL-2025-AUG-1', 'SERVICE-2025-000000003', 0000501, 0000600, 020),
('EXP-RANGE-2025-000000081', 'TL-2025-AUG-1', 'SERVICE-2025-000000003', 0000601, 0000700, 030),
('EXP-RANGE-2025-000000082', 'TL-2025-AUG-1', 'SERVICE-2025-000000003', 0000701, 0000800, 030),
('EXP-RANGE-2025-000000083', 'TL-2025-AUG-1', 'SERVICE-2025-000000003', 0000801, 0000900, 030),
('EXP-RANGE-2025-000000084', 'TL-2025-AUG-1', 'SERVICE-2025-000000003', 0000901, 0001000, 040),
('EXP-RANGE-2025-000000085', 'TL-2025-AUG-1', 'SERVICE-2025-000000003', 0001001, 0002000, 040),
('EXP-RANGE-2025-000000086', 'TL-2025-AUG-1', 'SERVICE-2025-000000003', 0002001, 0003000, 040),
('EXP-RANGE-2025-000000087', 'TL-2025-AUG-1', 'SERVICE-2025-000000003', 0003001, 0004000, 040),
('EXP-RANGE-2025-000000088', 'TL-2025-AUG-1', 'SERVICE-2025-000000003', 0004001, 0005000, 050),
('EXP-RANGE-2025-000000089', 'TL-2025-AUG-1', 'SERVICE-2025-000000003', 0005001, 0006000, 050),
('EXP-RANGE-2025-000000090', 'TL-2025-AUG-1', 'SERVICE-2025-000000003', 0006001, 0007000, 050),
('EXP-RANGE-2025-000000091', 'TL-2025-AUG-1', 'SERVICE-2025-000000003', 0007001, 0008000, 050),
('EXP-RANGE-2025-000000092', 'TL-2025-AUG-1', 'SERVICE-2025-000000003', 0008001, 0009000, 060),
('EXP-RANGE-2025-000000093', 'TL-2025-AUG-1', 'SERVICE-2025-000000003', 0009001, 0010000, 060),
('EXP-RANGE-2025-000000094', 'TL-2025-AUG-1', 'SERVICE-2025-000000003', 0010001, 0020000, 060),
('EXP-RANGE-2025-000000095', 'TL-2025-AUG-1', 'SERVICE-2025-000000003', 0020001, 0030000, 060),
('EXP-RANGE-2025-000000096', 'TL-2025-AUG-1', 'SERVICE-2025-000000003', 0030001, 0040000, 070),
('EXP-RANGE-2025-000000097', 'TL-2025-AUG-1', 'SERVICE-2025-000000003', 0040001, 0050000, 070),
('EXP-RANGE-2025-000000098', 'TL-2025-AUG-1', 'SERVICE-2025-000000003', 0050001, 0060000, 070),
('EXP-RANGE-2025-000000099', 'TL-2025-AUG-1', 'SERVICE-2025-000000003', 0060001, 0070000, 070),
('EXP-RANGE-2025-000000100', 'TL-2025-AUG-1', 'SERVICE-2025-000000003', 0070001, 0080000, 080),
('EXP-RANGE-2025-000000101', 'TL-2025-AUG-1', 'SERVICE-2025-000000003', 0080001, 0090000, 080),
('EXP-RANGE-2025-000000102', 'TL-2025-AUG-1', 'SERVICE-2025-000000003', 0090001, 0100000, 080),
('EXP-RANGE-2025-000000103', 'TL-2025-AUG-1', 'SERVICE-2025-000000003', 0100001, 0200000, 080),
('EXP-RANGE-2025-000000104', 'TL-2025-AUG-1', 'SERVICE-2025-000000003', 0200001, 0300000, 090),
('EXP-RANGE-2025-000000105', 'TL-2025-AUG-1', 'SERVICE-2025-000000003', 0300001, 0400000, 090),
('EXP-RANGE-2025-000000106', 'TL-2025-AUG-1', 'SERVICE-2025-000000003', 0400001, 0500000, 090),
('EXP-RANGE-2025-000000107', 'TL-2025-AUG-1', 'SERVICE-2025-000000003', 0500001, 0600000, 090),
('EXP-RANGE-2025-000000108', 'TL-2025-AUG-1', 'SERVICE-2025-000000003', 0600001, 0700000, 100),
('EXP-RANGE-2025-000000109', 'TL-2025-AUG-1', 'SERVICE-2025-000000003', 0700001, 0800000, 100),
('EXP-RANGE-2025-000000110', 'TL-2025-AUG-1', 'SERVICE-2025-000000003', 0800001, 0900000, 100),
('EXP-RANGE-2025-000000111', 'TL-2025-AUG-1', 'SERVICE-2025-000000003', 0900001, 1000000, 100),
('EXP-RANGE-2025-000000112', 'TL-2025-AUG-1', 'SERVICE-2025-000000004', 0000001, 0000100, 010),
('EXP-RANGE-2025-000000113', 'TL-2025-AUG-1', 'SERVICE-2025-000000004', 0000101, 0000200, 010),
('EXP-RANGE-2025-000000114', 'TL-2025-AUG-1', 'SERVICE-2025-000000004', 0000201, 0000300, 010),
('EXP-RANGE-2025-000000115', 'TL-2025-AUG-1', 'SERVICE-2025-000000004', 0000301, 0000400, 020),
('EXP-RANGE-2025-000000116', 'TL-2025-AUG-1', 'SERVICE-2025-000000004', 0000401, 0000500, 020),
('EXP-RANGE-2025-000000117', 'TL-2025-AUG-1', 'SERVICE-2025-000000004', 0000501, 0000600, 020),
('EXP-RANGE-2025-000000118', 'TL-2025-AUG-1', 'SERVICE-2025-000000004', 0000601, 0000700, 030),
('EXP-RANGE-2025-000000119', 'TL-2025-AUG-1', 'SERVICE-2025-000000004', 0000701, 0000800, 030),
('EXP-RANGE-2025-000000120', 'TL-2025-AUG-1', 'SERVICE-2025-000000004', 0000801, 0000900, 030),
('EXP-RANGE-2025-000000121', 'TL-2025-AUG-1', 'SERVICE-2025-000000004', 0000901, 0001000, 040),
('EXP-RANGE-2025-000000122', 'TL-2025-AUG-1', 'SERVICE-2025-000000004', 0001001, 0002000, 040),
('EXP-RANGE-2025-000000123', 'TL-2025-AUG-1', 'SERVICE-2025-000000004', 0002001, 0003000, 040),
('EXP-RANGE-2025-000000124', 'TL-2025-AUG-1', 'SERVICE-2025-000000004', 0003001, 0004000, 040),
('EXP-RANGE-2025-000000125', 'TL-2025-AUG-1', 'SERVICE-2025-000000004', 0004001, 0005000, 050),
('EXP-RANGE-2025-000000126', 'TL-2025-AUG-1', 'SERVICE-2025-000000004', 0005001, 0006000, 050),
('EXP-RANGE-2025-000000127', 'TL-2025-AUG-1', 'SERVICE-2025-000000004', 0006001, 0007000, 050),
('EXP-RANGE-2025-000000128', 'TL-2025-AUG-1', 'SERVICE-2025-000000004', 0007001, 0008000, 050),
('EXP-RANGE-2025-000000129', 'TL-2025-AUG-1', 'SERVICE-2025-000000004', 0008001, 0009000, 060),
('EXP-RANGE-2025-000000130', 'TL-2025-AUG-1', 'SERVICE-2025-000000004', 0009001, 0010000, 060),
('EXP-RANGE-2025-000000131', 'TL-2025-AUG-1', 'SERVICE-2025-000000004', 0010001, 0020000, 060),
('EXP-RANGE-2025-000000132', 'TL-2025-AUG-1', 'SERVICE-2025-000000004', 0020001, 0030000, 060),
('EXP-RANGE-2025-000000133', 'TL-2025-AUG-1', 'SERVICE-2025-000000004', 0030001, 0040000, 070),
('EXP-RANGE-2025-000000134', 'TL-2025-AUG-1', 'SERVICE-2025-000000004', 0040001, 0050000, 070),
('EXP-RANGE-2025-000000135', 'TL-2025-AUG-1', 'SERVICE-2025-000000004', 0050001, 0060000, 070),
('EXP-RANGE-2025-000000136', 'TL-2025-AUG-1', 'SERVICE-2025-000000004', 0060001, 0070000, 070),
('EXP-RANGE-2025-000000137', 'TL-2025-AUG-1', 'SERVICE-2025-000000004', 0070001, 0080000, 080),
('EXP-RANGE-2025-000000138', 'TL-2025-AUG-1', 'SERVICE-2025-000000004', 0080001, 0090000, 080),
('EXP-RANGE-2025-000000139', 'TL-2025-AUG-1', 'SERVICE-2025-000000004', 0090001, 0100000, 080),
('EXP-RANGE-2025-000000140', 'TL-2025-AUG-1', 'SERVICE-2025-000000004', 0100001, 0200000, 080),
('EXP-RANGE-2025-000000141', 'TL-2025-AUG-1', 'SERVICE-2025-000000004', 0200001, 0300000, 090),
('EXP-RANGE-2025-000000142', 'TL-2025-AUG-1', 'SERVICE-2025-000000004', 0300001, 0400000, 090),
('EXP-RANGE-2025-000000143', 'TL-2025-AUG-1', 'SERVICE-2025-000000004', 0400001, 0500000, 090),
('EXP-RANGE-2025-000000144', 'TL-2025-AUG-1', 'SERVICE-2025-000000004', 0500001, 0600000, 090),
('EXP-RANGE-2025-000000145', 'TL-2025-AUG-1', 'SERVICE-2025-000000004', 0600001, 0700000, 100),
('EXP-RANGE-2025-000000146', 'TL-2025-AUG-1', 'SERVICE-2025-000000004', 0700001, 0800000, 100),
('EXP-RANGE-2025-000000147', 'TL-2025-AUG-1', 'SERVICE-2025-000000004', 0800001, 0900000, 100),
('EXP-RANGE-2025-000000148', 'TL-2025-AUG-1', 'SERVICE-2025-000000004', 0900001, 1000000, 100),
('EXP-RANGE-2025-000000149', 'TL-2025-AUG-1', 'SERVICE-2025-000000005', 0000001, 0000100, 010),
('EXP-RANGE-2025-000000150', 'TL-2025-AUG-1', 'SERVICE-2025-000000005', 0000101, 0000200, 010),
('EXP-RANGE-2025-000000151', 'TL-2025-AUG-1', 'SERVICE-2025-000000005', 0000201, 0000300, 010),
('EXP-RANGE-2025-000000152', 'TL-2025-AUG-1', 'SERVICE-2025-000000005', 0000301, 0000400, 020),
('EXP-RANGE-2025-000000153', 'TL-2025-AUG-1', 'SERVICE-2025-000000005', 0000401, 0000500, 020),
('EXP-RANGE-2025-000000154', 'TL-2025-AUG-1', 'SERVICE-2025-000000005', 0000501, 0000600, 020),
('EXP-RANGE-2025-000000155', 'TL-2025-AUG-1', 'SERVICE-2025-000000005', 0000601, 0000700, 030),
('EXP-RANGE-2025-000000156', 'TL-2025-AUG-1', 'SERVICE-2025-000000005', 0000701, 0000800, 030),
('EXP-RANGE-2025-000000157', 'TL-2025-AUG-1', 'SERVICE-2025-000000005', 0000801, 0000900, 030),
('EXP-RANGE-2025-000000158', 'TL-2025-AUG-1', 'SERVICE-2025-000000005', 0000901, 0001000, 040),
('EXP-RANGE-2025-000000159', 'TL-2025-AUG-1', 'SERVICE-2025-000000005', 0001001, 0002000, 040),
('EXP-RANGE-2025-000000160', 'TL-2025-AUG-1', 'SERVICE-2025-000000005', 0002001, 0003000, 040),
('EXP-RANGE-2025-000000161', 'TL-2025-AUG-1', 'SERVICE-2025-000000005', 0003001, 0004000, 040),
('EXP-RANGE-2025-000000162', 'TL-2025-AUG-1', 'SERVICE-2025-000000005', 0004001, 0005000, 050),
('EXP-RANGE-2025-000000163', 'TL-2025-AUG-1', 'SERVICE-2025-000000005', 0005001, 0006000, 050),
('EXP-RANGE-2025-000000164', 'TL-2025-AUG-1', 'SERVICE-2025-000000005', 0006001, 0007000, 050),
('EXP-RANGE-2025-000000165', 'TL-2025-AUG-1', 'SERVICE-2025-000000005', 0007001, 0008000, 050),
('EXP-RANGE-2025-000000166', 'TL-2025-AUG-1', 'SERVICE-2025-000000005', 0008001, 0009000, 060),
('EXP-RANGE-2025-000000167', 'TL-2025-AUG-1', 'SERVICE-2025-000000005', 0009001, 0010000, 060),
('EXP-RANGE-2025-000000168', 'TL-2025-AUG-1', 'SERVICE-2025-000000005', 0010001, 0020000, 060),
('EXP-RANGE-2025-000000169', 'TL-2025-AUG-1', 'SERVICE-2025-000000005', 0020001, 0030000, 060),
('EXP-RANGE-2025-000000170', 'TL-2025-AUG-1', 'SERVICE-2025-000000005', 0030001, 0040000, 070),
('EXP-RANGE-2025-000000171', 'TL-2025-AUG-1', 'SERVICE-2025-000000005', 0040001, 0050000, 070),
('EXP-RANGE-2025-000000172', 'TL-2025-AUG-1', 'SERVICE-2025-000000005', 0050001, 0060000, 070),
('EXP-RANGE-2025-000000173', 'TL-2025-AUG-1', 'SERVICE-2025-000000005', 0060001, 0070000, 070),
('EXP-RANGE-2025-000000174', 'TL-2025-AUG-1', 'SERVICE-2025-000000005', 0070001, 0080000, 080),
('EXP-RANGE-2025-000000175', 'TL-2025-AUG-1', 'SERVICE-2025-000000005', 0080001, 0090000, 080),
('EXP-RANGE-2025-000000176', 'TL-2025-AUG-1', 'SERVICE-2025-000000005', 0090001, 0100000, 080),
('EXP-RANGE-2025-000000177', 'TL-2025-AUG-1', 'SERVICE-2025-000000005', 0100001, 0200000, 080),
('EXP-RANGE-2025-000000178', 'TL-2025-AUG-1', 'SERVICE-2025-000000005', 0200001, 0300000, 090),
('EXP-RANGE-2025-000000179', 'TL-2025-AUG-1', 'SERVICE-2025-000000005', 0300001, 0400000, 090),
('EXP-RANGE-2025-000000180', 'TL-2025-AUG-1', 'SERVICE-2025-000000005', 0400001, 0500000, 090),
('EXP-RANGE-2025-000000181', 'TL-2025-AUG-1', 'SERVICE-2025-000000005', 0500001, 0600000, 090),
('EXP-RANGE-2025-000000182', 'TL-2025-AUG-1', 'SERVICE-2025-000000005', 0600001, 0700000, 100),
('EXP-RANGE-2025-000000183', 'TL-2025-AUG-1', 'SERVICE-2025-000000005', 0700001, 0800000, 100),
('EXP-RANGE-2025-000000184', 'TL-2025-AUG-1', 'SERVICE-2025-000000005', 0800001, 0900000, 100),
('EXP-RANGE-2025-000000185', 'TL-2025-AUG-1', 'SERVICE-2025-000000005', 0900001, 1000000, 100),
('EXP-RANGE-2025-000000186', 'TL-2025-AUG-1', 'SERVICE-2025-000000006', 0000001, 0000100, 010),
('EXP-RANGE-2025-000000187', 'TL-2025-AUG-1', 'SERVICE-2025-000000006', 0000101, 0000200, 010),
('EXP-RANGE-2025-000000188', 'TL-2025-AUG-1', 'SERVICE-2025-000000006', 0000201, 0000300, 010),
('EXP-RANGE-2025-000000189', 'TL-2025-AUG-1', 'SERVICE-2025-000000006', 0000301, 0000400, 020),
('EXP-RANGE-2025-000000190', 'TL-2025-AUG-1', 'SERVICE-2025-000000006', 0000401, 0000500, 020),
('EXP-RANGE-2025-000000191', 'TL-2025-AUG-1', 'SERVICE-2025-000000006', 0000501, 0000600, 020),
('EXP-RANGE-2025-000000192', 'TL-2025-AUG-1', 'SERVICE-2025-000000006', 0000601, 0000700, 030),
('EXP-RANGE-2025-000000193', 'TL-2025-AUG-1', 'SERVICE-2025-000000006', 0000701, 0000800, 030),
('EXP-RANGE-2025-000000194', 'TL-2025-AUG-1', 'SERVICE-2025-000000006', 0000801, 0000900, 030),
('EXP-RANGE-2025-000000195', 'TL-2025-AUG-1', 'SERVICE-2025-000000006', 0000901, 0001000, 040),
('EXP-RANGE-2025-000000196', 'TL-2025-AUG-1', 'SERVICE-2025-000000006', 0001001, 0002000, 040),
('EXP-RANGE-2025-000000197', 'TL-2025-AUG-1', 'SERVICE-2025-000000006', 0002001, 0003000, 040),
('EXP-RANGE-2025-000000198', 'TL-2025-AUG-1', 'SERVICE-2025-000000006', 0003001, 0004000, 040),
('EXP-RANGE-2025-000000199', 'TL-2025-AUG-1', 'SERVICE-2025-000000006', 0004001, 0005000, 050),
('EXP-RANGE-2025-000000200', 'TL-2025-AUG-1', 'SERVICE-2025-000000006', 0005001, 0006000, 050),
('EXP-RANGE-2025-000000201', 'TL-2025-AUG-1', 'SERVICE-2025-000000006', 0006001, 0007000, 050),
('EXP-RANGE-2025-000000202', 'TL-2025-AUG-1', 'SERVICE-2025-000000006', 0007001, 0008000, 050),
('EXP-RANGE-2025-000000203', 'TL-2025-AUG-1', 'SERVICE-2025-000000006', 0008001, 0009000, 060),
('EXP-RANGE-2025-000000204', 'TL-2025-AUG-1', 'SERVICE-2025-000000006', 0009001, 0010000, 060),
('EXP-RANGE-2025-000000205', 'TL-2025-AUG-1', 'SERVICE-2025-000000006', 0010001, 0020000, 060),
('EXP-RANGE-2025-000000206', 'TL-2025-AUG-1', 'SERVICE-2025-000000006', 0020001, 0030000, 060),
('EXP-RANGE-2025-000000207', 'TL-2025-AUG-1', 'SERVICE-2025-000000006', 0030001, 0040000, 070),
('EXP-RANGE-2025-000000208', 'TL-2025-AUG-1', 'SERVICE-2025-000000006', 0040001, 0050000, 070),
('EXP-RANGE-2025-000000209', 'TL-2025-AUG-1', 'SERVICE-2025-000000006', 0050001, 0060000, 070),
('EXP-RANGE-2025-000000210', 'TL-2025-AUG-1', 'SERVICE-2025-000000006', 0060001, 0070000, 070),
('EXP-RANGE-2025-000000211', 'TL-2025-AUG-1', 'SERVICE-2025-000000006', 0070001, 0080000, 080),
('EXP-RANGE-2025-000000212', 'TL-2025-AUG-1', 'SERVICE-2025-000000006', 0080001, 0090000, 080),
('EXP-RANGE-2025-000000213', 'TL-2025-AUG-1', 'SERVICE-2025-000000006', 0090001, 0100000, 080),
('EXP-RANGE-2025-000000214', 'TL-2025-AUG-1', 'SERVICE-2025-000000006', 0100001, 0200000, 080),
('EXP-RANGE-2025-000000215', 'TL-2025-AUG-1', 'SERVICE-2025-000000006', 0200001, 0300000, 090),
('EXP-RANGE-2025-000000216', 'TL-2025-AUG-1', 'SERVICE-2025-000000006', 0300001, 0400000, 090),
('EXP-RANGE-2025-000000217', 'TL-2025-AUG-1', 'SERVICE-2025-000000006', 0400001, 0500000, 090),
('EXP-RANGE-2025-000000218', 'TL-2025-AUG-1', 'SERVICE-2025-000000006', 0500001, 0600000, 090),
('EXP-RANGE-2025-000000219', 'TL-2025-AUG-1', 'SERVICE-2025-000000006', 0600001, 0700000, 100),
('EXP-RANGE-2025-000000220', 'TL-2025-AUG-1', 'SERVICE-2025-000000006', 0700001, 0800000, 100),
('EXP-RANGE-2025-000000221', 'TL-2025-AUG-1', 'SERVICE-2025-000000006', 0800001, 0900000, 100),
('EXP-RANGE-2025-000000222', 'TL-2025-AUG-1', 'SERVICE-2025-000000006', 0900001, 1000000, 100),
('EXPokEc2EjMqU', 'TL-2025-OCT-1', 'SERVICE-2025-000000001', NULL, NULL, NULL);

-- --------------------------------------------------------

--
-- Table structure for table `files`
--

CREATE TABLE `files` (
  `file_id` varchar(19) CHARACTER SET utf8mb4 COLLATE utf8mb4_general_ci NOT NULL,
  `data_id` varchar(19) CHARACTER SET utf8mb4 COLLATE utf8mb4_general_ci NOT NULL,
  `member_id` varchar(21) CHARACTER SET utf8mb4 COLLATE utf8mb4_general_ci NOT NULL,
  `file_type` enum('Image','Document','Other') CHARACTER SET utf8mb4 COLLATE utf8mb4_general_ci NOT NULL,
  `filename` text CHARACTER SET utf8mb4 COLLATE utf8mb4_general_ci NOT NULL,
  `file_extension` varchar(10) CHARACTER SET utf8mb4 COLLATE utf8mb4_general_ci NOT NULL,
  `purpose` enum('Profile Picture','Report','Other') CHARACTER SET utf8mb4 COLLATE utf8mb4_general_ci DEFAULT NULL,
  `downloaded_at` datetime DEFAULT NULL
) ENGINE=InnoDB DEFAULT CHARSET=utf8mb4 COLLATE=utf8mb4_general_ci;

--
-- Dumping data for table `files`
--

INSERT INTO `files` (`file_id`, `data_id`, `member_id`, `file_type`, `filename`, `file_extension`, `purpose`, `downloaded_at`) VALUES
('FILE-2025-000000001', 'DATA-2025-000000039', 'MEMBER-2025-000000001', 'Image', 'profile_pictures/9v06HSc7tl1zcY1R2tgzFNMPqpwESdaT6kKMdrtx.png', 'png', NULL, NULL);

-- --------------------------------------------------------

--
-- Table structure for table `guarantee_letters`
--

CREATE TABLE `guarantee_letters` (
  `gl_id` varchar(17) CHARACTER SET utf8mb4 COLLATE utf8mb4_general_ci NOT NULL,
  `application_id` varchar(26) CHARACTER SET utf8mb4 COLLATE utf8mb4_general_ci NOT NULL,
  `budget_update_id` varchar(22) CHARACTER SET utf8mb4 COLLATE utf8mb4_general_ci NOT NULL
) ENGINE=InnoDB DEFAULT CHARSET=utf8mb4 COLLATE=utf8mb4_general_ci;

-- --------------------------------------------------------

--
-- Table structure for table `households`
--

CREATE TABLE `households` (
  `household_id` varchar(24) CHARACTER SET utf8mb4 COLLATE utf8mb4_general_ci NOT NULL,
  `client_id` varchar(21) CHARACTER SET utf8mb4 COLLATE utf8mb4_general_ci NOT NULL,
  `household_name` varchar(20) CHARACTER SET utf8mb4 COLLATE utf8mb4_general_ci NOT NULL,
  `educational_attainment` enum('Elementary','High School','College') CHARACTER SET utf8mb4 COLLATE utf8mb4_general_ci DEFAULT NULL,
  `relationship_to_applicant` enum('Self','Friend','Wife','Husband','Daughter','Son','Sister','Brother','Mother','Father','Granddaughter','Grandson','Grandmother','Grandfather','Aunt','Uncle','Nephew','Niece','Cousin','Other') CHARACTER SET utf8mb4 COLLATE utf8mb4_general_ci NOT NULL
) ENGINE=InnoDB DEFAULT CHARSET=utf8mb4 COLLATE=utf8mb4_general_ci;

--
-- Dumping data for table `households`
--

INSERT INTO `households` (`household_id`, `client_id`, `household_name`, `educational_attainment`, `relationship_to_applicant`) VALUES
('HOUSEHOLD-2025-000000001', 'CLIENT-2025-000000001', 'Cariaga', 'College', 'Self'),
('HOUSEHOLD-2025-000000002', 'CLIENT-2025-000000003', 'Carreon', 'College', 'Self');

-- --------------------------------------------------------

--
-- Table structure for table `logs`
--

CREATE TABLE `logs` (
  `log_id` varchar(18) CHARACTER SET utf8mb4 COLLATE utf8mb4_general_ci NOT NULL,
  `staff_id` varchar(20) CHARACTER SET utf8mb4 COLLATE utf8mb4_general_ci NOT NULL,
  `log_type` enum('Info','Warning','Error','Debug') CHARACTER SET utf8mb4 COLLATE utf8mb4_general_ci NOT NULL,
  `log_info` text CHARACTER SET utf8mb4 COLLATE utf8mb4_general_ci NOT NULL,
  `happened_at` datetime DEFAULT NULL
) ENGINE=InnoDB DEFAULT CHARSET=utf8mb4 COLLATE=utf8mb4_general_ci;

-- --------------------------------------------------------

--
-- Table structure for table `members`
--

CREATE TABLE `members` (
  `member_id` varchar(21) CHARACTER SET utf8mb4 COLLATE utf8mb4_general_ci NOT NULL,
  `account_id` varchar(22) CHARACTER SET utf8mb4 COLLATE utf8mb4_general_ci NOT NULL,
  `member_type` enum('Staff','Mayor','Executive Assistant','Sponsor','Applicant','Patient','Emergency Contact','Household Member','Other') CHARACTER SET utf8mb4 COLLATE utf8mb4_general_ci NOT NULL,
  `first_name` varchar(20) CHARACTER SET utf8mb4 COLLATE utf8mb4_general_ci NOT NULL,
  `middle_name` varchar(20) CHARACTER SET utf8mb4 COLLATE utf8mb4_general_ci DEFAULT NULL,
  `last_name` varchar(20) CHARACTER SET utf8mb4 COLLATE utf8mb4_general_ci NOT NULL,
  `suffix` enum('Jr.','Sr.','II','III','IV','V') CHARACTER SET utf8mb4 COLLATE utf8mb4_general_ci DEFAULT NULL,
  `full_name` varchar(60) CHARACTER SET utf8mb4 COLLATE utf8mb4_general_ci NOT NULL
) ENGINE=InnoDB DEFAULT CHARSET=utf8mb4 COLLATE=utf8mb4_general_ci;

--
-- Dumping data for table `members`
--

INSERT INTO `members` (`member_id`, `account_id`, `member_type`, `first_name`, `middle_name`, `last_name`, `suffix`, `full_name`) VALUES
('MEMBER-2025-000000001', 'ACCOUNT-2025-000000001', 'Staff', 'Benhur', 'Leproso', 'Cariaga', NULL, 'Benhur Leproso Cariaga'),
('MEMBER-2025-000000002', 'ACCOUNT-2025-000000010', 'Sponsor', 'Mariam', 'Marbella', 'Al-Alawi', NULL, 'Mariam Marbella Al-Alawi'),
('MEMBER-2025-000000003', 'ACCOUNT-2025-000000011', 'Sponsor', 'Zeinab', 'Ocampo', 'Harake', NULL, 'Zeinab Ocampo Harake'),
('MEMBER-2025-000000004', 'ACCOUNT-2025-000000012', 'Sponsor', 'Taylor', NULL, 'Otwell', NULL, 'Taylor Otwell'),
('MEMBER-2025-000000005', 'ACCOUNT-2025-000000013', 'Sponsor', 'Emmanuel', 'Dapidran', 'Pacquiao', 'Sr.', 'Emmanuel Dapidran Pacquiao Sr.'),
('MEMBER-2025-000000006', 'ACCOUNT-2025-000000014', 'Mayor', 'Lorelie', 'Geronimo', 'Pacquiao', NULL, 'Lorelie Geronimo Pacquiao'),
('MEMBER-2025-000000007', 'ACCOUNT-2025-000000015', 'Executive Assistant', 'Maritess', 'Dapidran', 'Ambuang', NULL, 'Maritess Dapidran Ambuang'),
('MEMBER-2025-000000008', 'ACCOUNT-2025-000000016', 'Applicant', 'Benhur', 'Leproso', 'Cariaga', NULL, 'Benhur Leproso Cariaga'),
('MEMBER-2025-000000010', 'ACCOUNT-2025-000000017', 'Applicant', 'Benjamin', 'Ledesma', 'Carreon', 'Jr.', 'Benjamin Ledesma Carreon Jr.'),
('MEMBER-2025-000000011', 'ACCOUNT-2025-000000017', 'Patient', 'Simoun', 'Ibarra', 'Rivera', NULL, 'Simoun Ibarra Rivera'),
('MEMBER-2025-000000012', 'ACCOUNT-2025-000000017', 'Patient', 'Julito', NULL, 'Saavedra', NULL, 'Julito Saavedra'),
('MEMBER-2025-000000013', 'ACCOUNT-2025-000000016', 'Patient', 'Angel', 'Provendido', 'Hinoctan', NULL, 'Angel Provendido Hinoctan');

-- --------------------------------------------------------

--
-- Table structure for table `messages`
--

CREATE TABLE `messages` (
  `message_id` varchar(22) CHARACTER SET utf8mb4 COLLATE utf8mb4_general_ci NOT NULL,
  `msg_tmp_id` varchar(22) CHARACTER SET utf8mb4 COLLATE utf8mb4_general_ci NOT NULL,
  `staff_id` varchar(20) CHARACTER SET utf8mb4 COLLATE utf8mb4_general_ci NOT NULL,
  `contact_id` varchar(22) CHARACTER SET utf8mb4 COLLATE utf8mb4_general_ci NOT NULL,
  `message_text` text CHARACTER SET utf8mb4 COLLATE utf8mb4_general_ci NOT NULL,
  `sent_at` datetime NOT NULL
) ENGINE=InnoDB DEFAULT CHARSET=utf8mb4 COLLATE=utf8mb4_general_ci;

-- --------------------------------------------------------

--
-- Table structure for table `message_templates`
--

CREATE TABLE `message_templates` (
  `msg_tmp_id` varchar(22) CHARACTER SET utf8mb4 COLLATE utf8mb4_general_ci NOT NULL,
  `data_id` varchar(19) CHARACTER SET utf8mb4 COLLATE utf8mb4_general_ci NOT NULL,
  `msg_tmp_title` varchar(30) CHARACTER SET utf8mb4 COLLATE utf8mb4_general_ci NOT NULL,
  `msg_tmp_text` text CHARACTER SET utf8mb4 COLLATE utf8mb4_general_ci NOT NULL
) ENGINE=InnoDB DEFAULT CHARSET=utf8mb4 COLLATE=utf8mb4_general_ci;

--
-- Dumping data for table `message_templates`
--

INSERT INTO `message_templates` (`msg_tmp_id`, `data_id`, `msg_tmp_title`, `msg_tmp_text`) VALUES
('MSG-TMP-2025-000000001', 'DATA-2025-000000033', 'Text Message Template 1', 'Greetings, [$application->applicant->client->member->first_name] [$application->applicant->client->member->middle_name] [$application->applicant->client->member->last_name] [$application->applicant->client->member->suffix]! Here are the important details for your AMPING application today.;;For Patient: [$application->patient->client->member->first_name] [$application->patient->client->member->middle_name] [$application->patient->client->member->last_name] [$application->patient->client->member->suffix];Service Type: [$application->service_type];Billed Amount: ₱ [$application->billed_amount];Assistance Amount: ₱ [$application->assistance_amount];Affiliate Partner: [$application->affiliate_partner->affiliate_partner_name];Applied At: [$application->applied_at];Reapply At: [$application->reapply_at];;Thank you for your visit with us! Come again!');

-- --------------------------------------------------------

--
-- Table structure for table `migrations`
--

CREATE TABLE `migrations` (
  `id` int UNSIGNED NOT NULL,
  `migration` varchar(255) CHARACTER SET utf8mb4 COLLATE utf8mb4_general_ci NOT NULL,
  `batch` int NOT NULL
) ENGINE=InnoDB DEFAULT CHARSET=utf8mb4 COLLATE=utf8mb4_general_ci;

--
-- Dumping data for table `migrations`
--

INSERT INTO `migrations` (`id`, `migration`, `batch`) VALUES
(3, '2025_10_05_212612_update_applicants_table_with_address_fields', 1),
(4, '2025_10_06_183306_reorganize_custom_ids', 2),
(5, '2025_10_18_200000_delete_test_accounts', 3);

-- --------------------------------------------------------

--
-- Table structure for table `occupations`
--

CREATE TABLE `occupations` (
  `occupation_id` varchar(20) CHARACTER SET utf8mb4 COLLATE utf8mb4_general_ci NOT NULL,
  `data_id` varchar(19) CHARACTER SET utf8mb4 COLLATE utf8mb4_general_ci NOT NULL,
  `occupation` varchar(30) CHARACTER SET utf8mb4 COLLATE utf8mb4_general_ci NOT NULL
) ENGINE=InnoDB DEFAULT CHARSET=utf8mb4 COLLATE=utf8mb4_general_ci;

--
-- Dumping data for table `occupations`
--

INSERT INTO `occupations` (`occupation_id`, `data_id`, `occupation`) VALUES
('OCCUP-2025-000000001', 'DATA-2025-000000013', 'Jeepney Driver'),
('OCCUP-2025-000000002', 'DATA-2025-000000014', 'Tricycle Driver'),
('OCCUP-2025-000000003', 'DATA-2025-000000015', 'Pedicab Driver'),
('OCCUP-2025-000000004', 'DATA-2025-000000016', 'Construction Worker'),
('OCCUP-2025-000000005', 'DATA-2025-000000017', 'Factory Worker'),
('OCCUP-2025-000000006', 'DATA-2025-000000018', 'Warehouse Worker'),
('OCCUP-2025-000000007', 'DATA-2025-000000019', 'Farmer'),
('OCCUP-2025-000000008', 'DATA-2025-000000020', 'Fisherperson'),
('OCCUP-2025-000000009', 'DATA-2025-000000021', 'Janitor'),
('OCCUP-2025-000000010', 'DATA-2025-000000022', 'Teacher'),
('OCCUP-2025-000000011', 'DATA-2025-000000023', 'Student'),
('OCCUP-2025-000000012', 'DATA-2025-000000024', 'Security Guard'),
('OCCUP-2025-000000013', 'DATA-2025-000000038', 'Waiter'),
('OCCUP-2025-000000014', 'DATA-2025-000000041', 'Artist');

-- --------------------------------------------------------

--
-- Table structure for table `patients`
--

CREATE TABLE `patients` (
  `patient_id` varchar(22) CHARACTER SET utf8mb4 COLLATE utf8mb4_general_ci NOT NULL,
  `client_id` varchar(21) CHARACTER SET utf8mb4 COLLATE utf8mb4_general_ci NOT NULL,
  `applicant_id` varchar(24) CHARACTER SET utf8mb4 COLLATE utf8mb4_general_ci NOT NULL,
  `patient_category` enum('PWD','Senior') CHARACTER SET utf8mb4 COLLATE utf8mb4_general_ci DEFAULT NULL
) ENGINE=InnoDB DEFAULT CHARSET=utf8mb4 COLLATE=utf8mb4_general_ci;

--
-- Dumping data for table `patients`
--

INSERT INTO `patients` (`patient_id`, `client_id`, `applicant_id`, `patient_category`) VALUES
('PATIENT-2025-000000002', 'CLIENT-2025-000000003', 'APPLICANT-2025-000000002', NULL),
('PATIENT-2025-000000003', 'CLIENT-2025-000000004', 'APPLICANT-2025-000000002', 'Senior'),
('PATIENT-2025-000000004', 'CLIENT-2025-000000005', 'APPLICANT-2025-000000002', 'PWD'),
('PATIENT-2025-000000006', 'CLIENT-2025-000000006', 'APPLICANT-2025-000000001', NULL),
('PATIENT-2025-000000007', 'CLIENT-2025-000000001', 'APPLICANT-2025-000000001', NULL);

-- --------------------------------------------------------

--
-- Table structure for table `reports`
--

CREATE TABLE `reports` (
  `report_id` varchar(21) CHARACTER SET utf8mb4 COLLATE utf8mb4_general_ci NOT NULL,
  `staff_id` varchar(20) CHARACTER SET utf8mb4 COLLATE utf8mb4_general_ci NOT NULL,
  `file_id` varchar(19) CHARACTER SET utf8mb4 COLLATE utf8mb4_general_ci NOT NULL,
  `report_type` enum('Daily','Weekly','Monthly','Ad Hoc') CHARACTER SET utf8mb4 COLLATE utf8mb4_general_ci NOT NULL,
  `generated_at` datetime NOT NULL
) ENGINE=InnoDB DEFAULT CHARSET=utf8mb4 COLLATE=utf8mb4_general_ci;

-- --------------------------------------------------------

--
-- Table structure for table `roles`
--

CREATE TABLE `roles` (
  `role_id` varchar(19) CHARACTER SET utf8mb4 COLLATE utf8mb4_general_ci NOT NULL,
  `data_id` varchar(19) CHARACTER SET utf8mb4 COLLATE utf8mb4_general_ci NOT NULL,
  `role` varchar(20) CHARACTER SET utf8mb4 COLLATE utf8mb4_general_ci NOT NULL,
  `allowed_actions` text CHARACTER SET utf8mb4 COLLATE utf8mb4_general_ci,
  `access_scope` text CHARACTER SET utf8mb4 COLLATE utf8mb4_general_ci
) ENGINE=InnoDB DEFAULT CHARSET=utf8mb4 COLLATE=utf8mb4_general_ci;

--
-- Dumping data for table `roles`
--

INSERT INTO `roles` (`role_id`, `data_id`, `role`, `allowed_actions`, `access_scope`) VALUES
('ROLE-2025-000000001', 'DATA-2025-000000010', 'Program Head', 'Create, view, edit, and deactivate accounts of staff members, applicants, sponsors, affiliate partners, and services. Create, view, edit, archive, download, and print reports, including the AMPING\'s financial status and user activity data. Create, view, edit, archive, download, and print templates for assistance request forms, guarantee letters, and text messages. Create, view, edit, and delete tariff lists and change the version of tariff lists to use for assistance amount calculation. Create, view, edit, and delete staff role names and client occupation names. Assign and reassigned roles to staff members. Approve or reject assistance requests and authorize guarantee letters. Send text messages to applicants with approved guarantee letters. Update, add to, and monitor the program budget from government funds, sponsors, and other sources. Delete system cache and log data when necessary', 'Full access to every web page, every feature, and every module, without restrictions. Full access to profiles and system activities of staff members, applicants, patients, sponsors, and affiliate partners. Full access to templates for assistance request forms, guarantee letters, and text messages. Full access to financial records, such as budgets, expenses, and funding sources. Full access to staff role and client occupation names, and tariff lists. Full access to staff role and tariff list adjustments. Full access to data and account archiving, deletion, and deactivation. Full access to logs and reports'),
('ROLE-2025-000000002', 'DATA-2025-000000011', 'Encoder', 'Create, view, edit, and deactivate accounts of staff members, applicants, sponsors, affiliate partners, and services. View and use assistance request templates to create assistance request forms. View the AMPING\'s financial status, including the program budget sources from government funds, sponsors, and other sources. View the staff role names and client occupation names. View the roles of staff members. View accounts of staff members, applicants, sponsors, affiliate partners, and services', 'Access limited to viewing and editing account profiles. Access limited to viewing templates for assistance request forms. Access limited to viewing financial records, such as budgets, expenses, and funding sources. Access limited to viewing staff roles, client occupations, and tariff list versions'),
('ROLE-2025-000000003', 'DATA-2025-000000012', 'GL Operator', 'Approve or reject assistance requests and authorize guarantee letters. View the AMPING\'s financial status, including the program budget sources from government funds, sponsors, and other sources. View the roles of staff members. View the version of tariff lists to use for assistance amount calculation. View and use guarantee letter templates to create guarantee letters. View accounts of staff members, applicants, sponsors, affiliate partners, and services', 'Access limited to viewing account profiles. Access limited to viewing templates for guarantee letters. Access limited to approving and rejecting assistance requests and authorizing guarantee letters'),
('ROLE-2025-000000004', 'DATA-2025-000000003', 'SMS Operator', 'Send text messages to applicants with approved guarantee letters. View and use assistance request templates to create assistance request forms. View the AMPING\'s financial status, including the program budget sources from government funds, sponsors, and other sources. View the roles of staff members. View the version of tariff lists to use for assistance amount calculation. View accounts of staff members, applicants, sponsors, affiliate partners, and services', 'Access limited to viewing account profiles. Access limited to viewing templates for text messages. Access limited to sending text messages to applicants with approved guarantee letters');

-- --------------------------------------------------------

--
-- Table structure for table `services`
--

CREATE TABLE `services` (
  `service_id` varchar(22) CHARACTER SET utf8mb4 COLLATE utf8mb4_general_ci NOT NULL,
  `data_id` varchar(19) CHARACTER SET utf8mb4 COLLATE utf8mb4_general_ci NOT NULL,
  `service_type` varchar(30) CHARACTER SET utf8mb4 COLLATE utf8mb4_general_ci NOT NULL,
  `assist_scope` text CHARACTER SET utf8mb4 COLLATE utf8mb4_general_ci
) ENGINE=InnoDB DEFAULT CHARSET=utf8mb4 COLLATE=utf8mb4_general_ci;

--
-- Dumping data for table `services`
--

INSERT INTO `services` (`service_id`, `data_id`, `service_type`, `assist_scope`) VALUES
('SERVICE-2025-000000001', 'DATA-2025-000000004', 'Hospital Bill', 'Inpatient Care, Outpatient Care'),
('SERVICE-2025-000000002', 'DATA-2025-000000005', 'Medical Prescription', 'Generic Drug, Branded Drug'),
('SERVICE-2025-000000003', 'DATA-2025-000000006', 'Laboratory Test', 'Biopsy, CT Scan, MRI, Pap Test'),
('SERVICE-2025-000000004', 'DATA-2025-000000007', 'Diagnostic Test', 'PET Scan, Ultrasound, X-Ray Scan, Endoscopy'),
('SERVICE-2025-000000005', 'DATA-2025-000000008', 'Hemodialysis', 'Electrolyte Imbalance, End-Stage Renal Disease, Drug Overdose, Liver Dialysis, Hypervolemia, Peritoneal Dialysis, Poisoning, Uremia'),
('SERVICE-2025-000000006', 'DATA-2025-000000009', 'Blood Request', 'Anemia, Blood Transfusion, Childbirth, Hemorrhage');

-- --------------------------------------------------------

--
-- Table structure for table `signers`
--

CREATE TABLE `signers` (
  `signer_id` varchar(15) CHARACTER SET utf8mb4 COLLATE utf8mb4_general_ci NOT NULL,
  `member_id` varchar(21) CHARACTER SET utf8mb4 COLLATE utf8mb4_general_ci NOT NULL,
  `post_nominal_letters` varchar(20) CHARACTER SET utf8mb4 COLLATE utf8mb4_general_ci DEFAULT NULL
) ENGINE=InnoDB DEFAULT CHARSET=utf8mb4 COLLATE=utf8mb4_general_ci;

--
-- Dumping data for table `signers`
--

INSERT INTO `signers` (`signer_id`, `member_id`, `post_nominal_letters`) VALUES
('SIGNER-2025-001', 'MEMBER-2025-000000006', NULL),
('SIGNER-2025-002', 'MEMBER-2025-000000007', 'MMPA');

-- --------------------------------------------------------

--
-- Table structure for table `sponsors`
--

CREATE TABLE `sponsors` (
  `sponsor_id` varchar(22) CHARACTER SET utf8mb4 COLLATE utf8mb4_general_ci NOT NULL,
  `member_id` varchar(21) CHARACTER SET utf8mb4 COLLATE utf8mb4_general_ci NOT NULL,
  `sponsor_type` enum('N / A','Politician','Business Owner','Other') CHARACTER SET utf8mb4 COLLATE utf8mb4_general_ci NOT NULL,
  `designation` varchar(30) CHARACTER SET utf8mb4 COLLATE utf8mb4_general_ci DEFAULT NULL,
  `organization_name` varchar(60) CHARACTER SET utf8mb4 COLLATE utf8mb4_general_ci DEFAULT NULL
) ENGINE=InnoDB DEFAULT CHARSET=utf8mb4 COLLATE=utf8mb4_general_ci;

--
-- Dumping data for table `sponsors`
--

INSERT INTO `sponsors` (`sponsor_id`, `member_id`, `sponsor_type`, `designation`, `organization_name`) VALUES
('SPONSOR-2025-000000001', 'MEMBER-2025-000000002', 'Business Owner', 'Chief Executive Officer', 'Ivana Skin'),
('SPONSOR-2025-000000002', 'MEMBER-2025-000000003', 'Other', 'Content Creator', 'YouTube'),
('SPONSOR-2025-000000003', 'MEMBER-2025-000000004', 'Business Owner', 'Founder', 'Laravel Company'),
('SPONSOR-2025-000000004', 'MEMBER-2025-000000005', 'Politician', 'Senator', NULL);

-- --------------------------------------------------------

--
-- Table structure for table `staff`
--

CREATE TABLE `staff` (
  `staff_id` varchar(20) CHARACTER SET utf8mb4 COLLATE utf8mb4_general_ci NOT NULL,
  `member_id` varchar(21) CHARACTER SET utf8mb4 COLLATE utf8mb4_general_ci NOT NULL,
  `role_id` varchar(19) CHARACTER SET utf8mb4 COLLATE utf8mb4_general_ci NOT NULL,
  `password` varchar(255) CHARACTER SET utf8mb4 COLLATE utf8mb4_general_ci NOT NULL
) ENGINE=InnoDB DEFAULT CHARSET=utf8mb4 COLLATE=utf8mb4_general_ci;

--
-- Dumping data for table `staff`
--

INSERT INTO `staff` (`staff_id`, `member_id`, `role_id`, `password`) VALUES
('STAFF-2025-000000001', 'MEMBER-2025-000000001', 'ROLE-2025-000000001', '$2y$10$hdrsmpA1LSXsHsTxJhP2JuiAKUY6px2sPXJ1s4qNo0zqXxGlU4Zvq');

-- --------------------------------------------------------

--
-- Table structure for table `tariff_lists`
--

CREATE TABLE `tariff_lists` (
  `tariff_list_id` varchar(255) CHARACTER SET utf8mb4 COLLATE utf8mb4_general_ci NOT NULL,
  `data_id` varchar(19) CHARACTER SET utf8mb4 COLLATE utf8mb4_general_ci NOT NULL,
  `tl_status` enum('Draft','Scheduled','Active','Inactive') CHARACTER SET utf8mb4 COLLATE utf8mb4_general_ci NOT NULL,
  `effectivity_date` date NOT NULL
) ENGINE=InnoDB DEFAULT CHARSET=utf8mb4 COLLATE=utf8mb4_general_ci;

--
-- Dumping data for table `tariff_lists`
--

INSERT INTO `tariff_lists` (`tariff_list_id`, `data_id`, `tl_status`, `effectivity_date`) VALUES
('TL-2025-AUG-1', 'DATA-2025-000000025', 'Active', '2025-08-02'),
('TL-2025-OCT-1', 'DATA-2025-000000043', 'Draft', '2025-10-29');

--
-- Indexes for dumped tables
--

--
-- Indexes for table `accounts`
--
ALTER TABLE `accounts`
  ADD PRIMARY KEY (`account_id`),
  ADD KEY `idx_accounts_data` (`data_id`);

--
-- Indexes for table `affiliate_partners`
--
ALTER TABLE `affiliate_partners`
  ADD PRIMARY KEY (`affiliate_partner_id`),
  ADD KEY `idx_ap_account` (`account_id`) USING BTREE;

--
-- Indexes for table `applicants`
--
ALTER TABLE `applicants`
  ADD PRIMARY KEY (`applicant_id`),
  ADD KEY `idx_applicants_client` (`client_id`);

--
-- Indexes for table `applications`
--
ALTER TABLE `applications`
  ADD PRIMARY KEY (`application_id`),
  ADD KEY `idx_applications_applicant` (`applicant_id`),
  ADD KEY `idx_applications_exp_range` (`exp_range_id`),
  ADD KEY `idx_applications_ap` (`affiliate_partner_id`) USING BTREE,
  ADD KEY `idx_applications_patient` (`patient_id`),
  ADD KEY `idx_applications_message` (`message_id`) USING BTREE;

--
-- Indexes for table `budget_updates`
--
ALTER TABLE `budget_updates`
  ADD PRIMARY KEY (`budget_update_id`),
  ADD KEY `idx_budget_data` (`data_id`),
  ADD KEY `idx_budget_sponsor` (`sponsor_id`) USING BTREE;

--
-- Indexes for table `cache`
--
ALTER TABLE `cache`
  ADD PRIMARY KEY (`key`);

--
-- Indexes for table `cache_locks`
--
ALTER TABLE `cache_locks`
  ADD PRIMARY KEY (`key`);

--
-- Indexes for table `clients`
--
ALTER TABLE `clients`
  ADD PRIMARY KEY (`client_id`),
  ADD KEY `idx_clients_member` (`member_id`),
  ADD KEY `idx_clients_occupation` (`occupation_id`);

--
-- Indexes for table `contacts`
--
ALTER TABLE `contacts`
  ADD PRIMARY KEY (`contact_id`),
  ADD KEY `idx_contacts_client` (`client_id`);

--
-- Indexes for table `data`
--
ALTER TABLE `data`
  ADD PRIMARY KEY (`data_id`);

--
-- Indexes for table `expense_ranges`
--
ALTER TABLE `expense_ranges`
  ADD PRIMARY KEY (`exp_range_id`),
  ADD KEY `idx_expense_ranges_tariff` (`tariff_list_id`),
  ADD KEY `idx_expense_ranges_service` (`service_id`);

--
-- Indexes for table `files`
--
ALTER TABLE `files`
  ADD PRIMARY KEY (`file_id`),
  ADD KEY `idx_files_data` (`data_id`),
  ADD KEY `idx_files_member` (`member_id`);

--
-- Indexes for table `guarantee_letters`
--
ALTER TABLE `guarantee_letters`
  ADD PRIMARY KEY (`gl_id`),
  ADD KEY `idx_gl_application` (`application_id`),
  ADD KEY `idx_gl_budget` (`budget_update_id`);

--
-- Indexes for table `households`
--
ALTER TABLE `households`
  ADD PRIMARY KEY (`household_id`,`client_id`);

--
-- Indexes for table `logs`
--
ALTER TABLE `logs`
  ADD PRIMARY KEY (`log_id`),
  ADD KEY `idx_logs_staff` (`staff_id`);

--
-- Indexes for table `members`
--
ALTER TABLE `members`
  ADD PRIMARY KEY (`member_id`),
  ADD KEY `idx_members_account` (`account_id`);

--
-- Indexes for table `messages`
--
ALTER TABLE `messages`
  ADD PRIMARY KEY (`message_id`),
  ADD KEY `idx_messages_tmpl` (`msg_tmp_id`),
  ADD KEY `idx_messages_staff` (`staff_id`),
  ADD KEY `idx_messages_contact` (`contact_id`);

--
-- Indexes for table `message_templates`
--
ALTER TABLE `message_templates`
  ADD PRIMARY KEY (`msg_tmp_id`),
  ADD KEY `idx_msgtmpl_data` (`data_id`);

--
-- Indexes for table `migrations`
--
ALTER TABLE `migrations`
  ADD PRIMARY KEY (`id`);

--
-- Indexes for table `occupations`
--
ALTER TABLE `occupations`
  ADD PRIMARY KEY (`occupation_id`),
  ADD KEY `idx_occupations_data` (`data_id`);

--
-- Indexes for table `patients`
--
ALTER TABLE `patients`
  ADD PRIMARY KEY (`patient_id`),
  ADD KEY `idx_patients_applicant` (`applicant_id`),
  ADD KEY `idx_patients_client` (`client_id`);

--
-- Indexes for table `reports`
--
ALTER TABLE `reports`
  ADD PRIMARY KEY (`report_id`),
  ADD KEY `idx_reports_staff` (`staff_id`),
  ADD KEY `idx_reports_file` (`file_id`);

--
-- Indexes for table `roles`
--
ALTER TABLE `roles`
  ADD PRIMARY KEY (`role_id`),
  ADD KEY `idx_roles_data` (`data_id`);

--
-- Indexes for table `services`
--
ALTER TABLE `services`
  ADD PRIMARY KEY (`service_id`),
  ADD KEY `idx_services_data` (`data_id`);

--
-- Indexes for table `signers`
--
ALTER TABLE `signers`
  ADD PRIMARY KEY (`signer_id`),
  ADD KEY `idx_signer_member` (`member_id`);

--
-- Indexes for table `sponsors`
--
ALTER TABLE `sponsors`
  ADD PRIMARY KEY (`sponsor_id`),
  ADD KEY `idx_sponsor_member` (`member_id`) USING BTREE;

--
-- Indexes for table `staff`
--
ALTER TABLE `staff`
  ADD PRIMARY KEY (`staff_id`),
  ADD KEY `idx_staff_member` (`member_id`),
  ADD KEY `idx_staff_role` (`role_id`);

--
-- Indexes for table `tariff_lists`
--
ALTER TABLE `tariff_lists`
  ADD PRIMARY KEY (`tariff_list_id`),
  ADD KEY `idx_tariffs_data` (`data_id`);

--
-- AUTO_INCREMENT for dumped tables
--

--
-- AUTO_INCREMENT for table `migrations`
--
ALTER TABLE `migrations`
  MODIFY `id` int UNSIGNED NOT NULL AUTO_INCREMENT, AUTO_INCREMENT=6;
COMMIT;

/*!40101 SET CHARACTER_SET_CLIENT=@OLD_CHARACTER_SET_CLIENT */;
/*!40101 SET CHARACTER_SET_RESULTS=@OLD_CHARACTER_SET_RESULTS */;
/*!40101 SET COLLATION_CONNECTION=@OLD_COLLATION_CONNECTION */;
